step,train_error,val_error,test_error,gap,val_error_raw,test_error_raw,gap_raw,seed,K,m1,eta_mode,eta_name
0,0.2890211880207062,0.27173975110054016,0.27247419357299807,0.000734442472457908,0.567756175994873,0.5638243484497071,-0.003931827545165967,100,1,100,fixed,Fixed
30,0.32729317545890807,0.22306957840919495,0.21695724487304688,-0.006112333536148068,0.46770188212394714,0.4582557678222656,-0.009446114301681519,100,1,100,fixed,Fixed
60,0.539219319820404,0.18267309665679932,0.18022817611694336,-0.002444920539855955,0.39817601442337036,0.38677446365356444,-0.011401550769805924,100,1,100,fixed,Fixed
90,0.8090744972229004,0.11335384845733643,0.11190255165100098,-0.0014512968063354476,0.25780928134918213,0.24091945648193358,-0.01688982486724855,100,1,100,fixed,Fixed
120,0.9446121335029602,0.08024737238883972,0.07698715448379517,-0.003260217905044549,0.166045680642128,0.16651929378509522,0.000473613142967233,100,1,100,fixed,Fixed
150,0.9989513635635376,0.07206850498914719,0.06472522974014282,-0.007343275249004369,0.15645000338554382,0.1411950969696045,-0.015254906415939323,100,1,100,fixed,Fixed
180,1.0144494295120239,0.05791935324668884,0.05940763950347901,0.001488286256790164,0.14704680442810059,0.13084326267242433,-0.01620354175567626,100,1,100,fixed,Fixed
210,1.0118304014205932,0.054555200040340424,0.05879476070404053,0.004239560663700105,0.14547963440418243,0.13106028079986573,-0.014419353604316704,100,1,100,fixed,Fixed
240,0.9991031050682068,0.07044091075658798,0.0626854944229126,-0.00775541633367538,0.15158356726169586,0.14223536014556884,-0.009348207116127022,100,1,100,fixed,Fixed
270,0.976207971572876,0.05984410643577576,0.0665936279296875,0.006749521493911739,0.16368155181407928,0.15418576717376709,-0.0094957846403122,100,1,100,fixed,Fixed
300,0.9460011482238769,0.07433514297008514,0.07423738479614257,-9.775817394257202e-05,0.16600987315177917,0.17706822395324706,0.011058350801467887,100,1,100,fixed,Fixed
330,0.9067454695701599,0.09625348448753357,0.08351758718490601,-0.012735897302627558,0.1809311807155609,0.20752453804016113,0.02659335732460022,100,1,100,fixed,Fixed
360,0.8627147078514099,0.09897837787866592,0.08889832735061645,-0.010080050528049472,0.21874743700027466,0.23110742568969728,0.012359988689422619,100,1,100,fixed,Fixed
390,0.8046470046043396,0.06342945247888565,0.09445452451705932,0.031025072038173673,0.20208990573883057,0.2608341121673584,0.058744206428527845,100,1,100,fixed,Fixed
420,0.7377114772796631,0.09090875089168549,0.09794975519180298,0.00704100430011749,0.29785972833633423,0.2914318752288818,-0.006427853107452419,100,1,100,fixed,Fixed
450,0.6655698537826538,0.10282953083515167,0.09871516227722169,-0.004114368557929987,0.28054940700531006,0.319990816116333,0.03944140911102295,100,1,100,fixed,Fixed
480,0.58145112991333,0.09569499641656876,0.09446331739425659,-0.0012316790223121654,0.3726956248283386,0.3362247848510742,-0.03647083997726441,100,1,100,fixed,Fixed
510,0.5022077679634094,0.09058649837970734,0.0886987566947937,-0.001887741684913638,0.33686530590057373,0.3486302757263184,0.011764969825744653,100,1,100,fixed,Fixed
540,0.4252143740653992,0.09853235632181168,0.08426085948944091,-0.014271496832370764,0.45017486810684204,0.36784584045410157,-0.08232902765274047,100,1,100,fixed,Fixed
570,0.3557614922523499,0.0828767940402031,0.07854269981384278,-0.004334094226360316,0.3637916147708893,0.3811229991912842,0.01733138442039489,100,1,100,fixed,Fixed
600,0.3065838754177094,0.08397732675075531,0.07279979467391967,-0.011177532076835639,0.39820337295532227,0.3861002826690674,-0.012103090286254892,100,1,100,fixed,Fixed
0,0.2890211880207062,0.27173975110054016,0.27247419357299807,0.000734442472457908,0.567756175994873,0.5638243484497071,-0.003931827545165967,100,1,100,exp,Decaying
30,0.3334721982479095,0.22619014978408813,0.21990964889526368,-0.006280500888824453,0.468511164188385,0.4590268516540527,-0.009484312534332295,100,1,100,exp,Decaying
60,0.5786718487739563,0.18650415539741516,0.18393796920776367,-0.002566186189651487,0.395451158285141,0.3839998626708984,-0.011451295614242574,100,1,100,exp,Decaying
90,0.9234379291534424,0.1147678792476654,0.11343337059020996,-0.0013345086574554493,0.2526113986968994,0.23589749336242677,-0.016713905334472645,100,1,100,exp,Decaying
120,1.130463171005249,0.08250425010919571,0.07920156478881836,-0.0033026853203773493,0.1642085462808609,0.16481583595275878,0.0006072896718978815,100,1,100,exp,Decaying
150,1.238039493560791,0.07650625705718994,0.06859972476959228,-0.007906532287597662,0.15902860462665558,0.14337073326110839,-0.015657871365547193,100,1,100,exp,Decaying
180,1.2843717575073241,0.06373743712902069,0.06553030014038086,0.0017928630113601685,0.15473836660385132,0.13774734497070312,-0.016991021633148196,100,1,100,exp,Decaying
210,1.2953428983688355,0.0633123517036438,0.06820926904678344,0.004896917343139642,0.1609792411327362,0.14455605030059815,-0.016423190832138057,100,1,100,exp,Decaying
240,1.29145188331604,0.08696094155311584,0.07729825496673584,-0.009662686586380004,0.17779627442359924,0.16589981079101562,-0.01189646363258362,100,1,100,exp,Decaying
270,1.2695212602615356,0.0779447928071022,0.08648526430130005,0.008540471494197843,0.20039547979831696,0.18823962211608886,-0.0121558576822281,100,1,100,exp,Decaying
300,1.2468385457992555,0.1024649441242218,0.10143178939819336,-0.0010331547260284402,0.21172434091567993,0.22515578269958497,0.01343144178390504,100,1,100,exp,Decaying
330,1.2428259611129762,0.13829806447029114,0.11974511623382568,-0.018552948236465458,0.2428169548511505,0.2723314380645752,0.029514483213424703,100,1,100,exp,Decaying
360,1.2515070915222168,0.14436516165733337,0.1316676902770996,-0.012697471380233777,0.29408419132232666,0.3060105323791504,0.01192634105682372,100,1,100,exp,Decaying
390,1.2481833934783935,0.09510325640439987,0.144308443069458,0.04920518666505813,0.26956766843795776,0.3431668186187744,0.07359915018081664,100,1,100,exp,Decaying
420,1.2902458667755128,0.13820846378803253,0.15648458480834962,0.018276121020317088,0.3914300203323364,0.3809296703338623,-0.010500349998474101,100,1,100,exp,Decaying
450,1.309974479675293,0.17095854878425598,0.1677234172821045,-0.0032351315021514893,0.3636307716369629,0.41763328552246093,0.05400251388549804,100,1,100,exp,Decaying
480,1.3231646537780761,0.16717034578323364,0.17095276832580567,0.0037824225425720226,0.4816899597644806,0.43253257751464846,-0.04915738224983213,100,1,100,exp,Decaying
510,1.3403409719467163,0.16266602277755737,0.17234281063079834,0.00967678785324097,0.4254286289215088,0.44210883140563967,0.01668020248413088,100,1,100,exp,Decaying
540,1.390058207511902,0.20844115316867828,0.17886750221252443,-0.029573650956153857,0.567376434803009,0.4667703819274902,-0.10060605287551883,100,1,100,exp,Decaying
570,1.419916605949402,0.18438419699668884,0.18148828506469727,-0.0028959119319915683,0.4558027982711792,0.47987070083618166,0.024067902565002464,100,1,100,exp,Decaying
600,1.4384973049163818,0.20582681894302368,0.18166018009185791,-0.024166638851165767,0.4966621994972229,0.48513450622558596,-0.01152769327163694,100,1,100,exp,Decaying
0,0.2890211880207062,0.27173975110054016,0.27247419357299807,0.000734442472457908,0.567756175994873,0.5638243484497071,-0.003931827545165967,100,1,100,exp,Faster Decaying
30,0.3380508780479431,0.22842936217784882,0.22201244354248048,-0.006416918635368335,0.4692879021167755,0.45975234985351565,-0.009535552263259861,100,1,100,exp,Faster Decaying
60,0.5960446715354919,0.18758320808410645,0.18496765613555907,-0.0026155519485473733,0.39389321208000183,0.3823699951171875,-0.011523216962814331,100,1,100,exp,Faster Decaying
90,0.9614274144172669,0.11477518826723099,0.11346610546112061,-0.001309082806110376,0.25044509768486023,0.23374245643615724,-0.016702641248702993,100,1,100,exp,Faster Decaying
120,1.1841519594192504,0.08294713497161865,0.0796285080909729,-0.003318626880645756,0.16351380944252014,0.16414824962615968,0.0006344401836395341,100,1,100,exp,Faster Decaying
150,1.3006953239440917,0.07766546308994293,0.06959188461303711,-0.008073578476905818,0.15984755754470825,0.14402107238769532,-0.01582648515701293,100,1,100,exp,Faster Decaying
180,1.3488951444625854,0.06538582593202591,0.06722557783126831,0.0018397518992424033,0.15717995166778564,0.1398627281188965,-0.01731722354888915,100,1,100,exp,Faster Decaying
210,1.3567790269851685,0.06579011678695679,0.07083478450775146,0.005044667720794677,0.1656179279088974,0.1484922170639038,-0.01712571084499359,100,1,100,exp,Faster Decaying
240,1.3486455917358398,0.09154880046844482,0.08132516622543334,-0.010223634243011481,0.18516996502876282,0.1724875068664551,-0.01268245816230773,100,1,100,exp,Faster Decaying
270,1.3216801404953002,0.08268143236637115,0.0916676640510559,0.00898623168468475,0.20987483859062195,0.1969441843032837,-0.01293065428733825,100,1,100,exp,Faster Decaying
300,1.2964457988739013,0.10935989022254944,0.10808341503143311,-0.0012764751911163302,0.22216719388961792,0.23641523361206054,0.014248039722442624,100,1,100,exp,Faster Decaying
330,1.295685601234436,0.14765989780426025,0.12777208805084228,-0.019887809753417973,0.25540828704833984,0.28558156967163084,0.030173282623290998,100,1,100,exp,Faster Decaying
360,1.310840082168579,0.1532558649778366,0.14025821685791015,-0.012997648119926458,0.3074277639389038,0.31945429801940917,0.012026534080505358,100,1,100,exp,Faster Decaying
390,1.3122296571731566,0.10056985914707184,0.15330880165100097,0.05273894250392913,0.27978700399398804,0.3561134433746338,0.07632643938064576,100,1,100,exp,Faster Decaying
420,1.3656172513961793,0.1452295333147049,0.16589996337890625,0.020670430064201356,0.40308451652526855,0.39304983139038085,-0.0100346851348877,100,1,100,exp,Faster Decaying
450,1.3912066698074341,0.18019041419029236,0.17747307777404786,-0.002717336416244498,0.3716335594654083,0.42842358589172364,0.05679002642631531,100,1,100,exp,Faster Decaying
480,1.409396243095398,0.17575806379318237,0.18039703369140625,0.004638969898223877,0.4915727972984314,0.441117467880249,-0.05045532941818237,100,1,100,exp,Faster Decaying
510,1.4310609817504882,0.17015716433525085,0.18169518947601318,0.011538025140762326,0.4308445155620575,0.4493004989624023,0.018455983400344822,100,1,100,exp,Faster Decaying
540,1.4901971340179443,0.21966741979122162,0.18849015712738038,-0.031177262663841243,0.5731542110443115,0.4726708793640137,-0.10048333168029783,100,1,100,exp,Faster Decaying
570,1.5259663820266725,0.19409526884555817,0.19125832080841065,-0.002836948037147513,0.4598844647407532,0.48472900390625,0.024844539165496837,100,1,100,exp,Faster Decaying
600,1.5491541147232055,0.21695378422737122,0.19130932807922363,-0.025644456148147587,0.4992639422416687,0.4886951446533203,-0.010568797588348389,100,1,100,exp,Faster Decaying
